2019-04-23T11:50:01,113.9374488888889,22.570365
2019-04-23T14:33:35,113.93695805555555,22.57040611111111
2019-04-23T14:33:55,113.93698694444444,22.57041611111111
2019-04-23T14:34:05,113.93698888888889,22.570411944444444
2019-04-23T14:34:15,113.93697694444444,22.570405
2019-04-23T14:34:25,113.93697194444445,22.57040111111111
2019-04-23T14:34:35,113.93695805555555,22.570398055555554
2019-04-23T14:34:45,113.93694694444444,22.570396111111112
2019-04-23T14:34:55,113.936945,22.570396944444443
2019-04-23T14:35:05,113.93695,22.57040388888889
2019-04-23T14:35:15,113.93695805555555,22.570408055555557
2019-04-23T14:35:25,113.93695305555555,22.570405
2019-04-23T14:35:35,113.93695611111112,22.57040611111111
2019-04-23T14:35:45,113.93695305555555,22.570406944444443
2019-04-23T14:35:55,113.93695111111111,22.570408055555557
2019-04-23T14:36:05,113.93695194444444,22.570413055555555
2019-04-23T14:36:15,113.936945,22.570418055555557
2019-04-23T14:36:25,113.93694111111111,22.570426944444446
2019-04-23T14:36:35,113.93695,22.570431111111112
2019-04-23T14:36:45,113.936965,22.570426944444446
2019-04-23T14:36:55,113.93697,22.570421944444444
2019-04-23T14:37:05,113.9369661111111,22.570416944444446
2019-04-23T14:37:15,113.9369661111111,22.57041388888889
2019-04-23T14:37:25,113.93699694444445,22.570428055555556
2019-04-23T14:37:35,113.9370161111111,22.57043611111111
2019-04-23T14:37:45,113.93702694444444,22.57044
2019-04-23T14:37:55,113.93702305555556,22.57043611111111
2019-04-23T14:38:05,113.937015,22.570428888888888
2019-04-23T14:38:15,113.937015,22.570431111111112
2019-04-23T14:38:25,113.93700194444445,22.57042611111111
2019-04-23T14:38:35,113.936995,22.570421111111113
2019-04-23T14:38:45,113.936995,22.57041611111111
2019-04-23T14:38:51,113.93699805555555,22.570415
2019-04-23T14:38:52,113.93699805555555,22.57041388888889
2019-04-23T14:38:53,113.9369988888889,22.57041388888889
2019-04-23T14:38:54,113.937,22.57041388888889
2019-04-23T14:38:55,113.93700111111112,22.57041388888889
2019-04-23T14:38:56,113.93700111111112,22.570413055555555
2019-04-23T14:38:57,113.93700194444445,22.570413055555555
2019-04-23T14:38:58,113.93700194444445,22.570413055555555
2019-04-23T14:39:24,113.93699805555555,22.570411944444444
2019-04-23T14:39:25,113.93699805555555,22.570411944444444
2019-04-23T14:39:31,113.936995,22.57041388888889
2019-04-23T14:39:33,113.93699611111111,22.570415
2019-04-23T14:39:34,113.93699694444445,22.570415
2019-04-23T14:39:58,113.93700611111112,22.57042
2019-04-23T14:39:59,113.937005,22.570418888888888
2019-04-23T14:40:00,113.93700305555555,22.570418055555557
2019-04-23T14:40:01,113.93700194444445,22.570416944444446
2019-04-23T14:40:02,113.937,22.57041611111111
2019-04-23T14:40:04,113.9369988888889,22.570415
2019-04-23T14:40:05,113.93699694444445,22.57041388888889
2019-04-23T14:40:07,113.93699694444445,22.570413055555555
2019-04-23T14:40:08,113.93699694444445,22.570413055555555
2019-04-23T14:40:09,113.9369988888889,22.570415
2019-04-23T14:40:10,113.93700111111112,22.57041611111111
2019-04-23T14:40:11,113.9370038888889,22.570416944444446
2019-04-23T14:40:12,113.937005,22.570418055555557
2019-04-23T14:40:25,113.93702388888889,22.570436944444445
2019-04-23T14:40:25,113.93702388888889,22.570436944444445
2019-04-23T14:40:25,113.93702388888889,22.570436944444445
2019-04-23T14:40:25,113.93702388888889,22.570436944444445
2019-04-23T14:40:25,113.93702388888889,22.570436944444445
2019-04-23T14:40:25,113.93702388888889,22.570436944444445
2019-04-23T14:40:25,113.93702388888889,22.570436944444445
2019-04-23T14:40:25,113.93702388888889,22.570436944444445
2019-04-23T14:40:25,113.93702388888889,22.570436944444445
2019-04-23T15:29:09,113.93669305555555,22.570345
2019-04-23T15:29:16,113.936695,22.570351111111112
2019-04-23T15:29:22,113.93669111111112,22.57036388888889
2019-04-23T15:29:28,113.9366888888889,22.57036611111111
2019-04-23T15:29:35,113.9366888888889,22.570348055555556
2019-04-23T15:29:41,113.93669,22.570335
2019-04-23T15:29:47,113.9366888888889,22.570336944444445
2019-04-23T15:29:53,113.9366838888889,22.570341111111112
2019-04-23T15:30:00,113.93670888888889,22.57031
2019-04-23T15:30:06,113.93681194444444,22.570521944444444
2019-04-23T15:30:12,113.936855,22.57073888888889
2019-04-23T15:30:18,113.93686194444444,22.570921944444443
2019-04-23T15:30:25,113.93683888888889,22.571128055555555
2019-04-23T15:30:31,113.936935,22.57125
2019-04-23T15:30:37,113.93719305555555,22.571303055555557
2019-04-23T15:30:44,113.93757305555556,22.571305
2019-04-23T15:30:52,113.93840888888889,22.57130611111111
2019-04-23T15:30:59,113.93933388888888,22.57131111111111
2019-04-23T15:31:06,113.94044111111111,22.571305
2019-04-23T15:31:13,113.94157305555555,22.57130611111111
2019-04-23T15:31:19,113.94242194444445,22.571303055555557
2019-04-23T15:31:27,113.9431461111111,22.571306944444444
2019-04-23T15:31:33,113.94343305555556,22.57130888888889
2019-04-23T15:31:40,113.94411194444444,22.57131111111111
2019-04-23T15:31:46,113.94493305555555,22.571305
2019-04-23T15:31:53,113.94589111111111,22.57130611111111
2019-04-23T15:31:59,113.94664694444444,22.57129888888889
2019-04-23T15:32:05,113.94745611111111,22.57127388888889
2019-04-23T15:32:12,113.94829805555555,22.57126611111111
2019-04-23T15:32:23,113.9493138888889,22.571246111111112
2019-04-23T15:32:28,113.9496288888889,22.57123
2019-04-23T15:32:41,113.95015,22.570668055555554
2019-04-23T15:32:43,113.95028111111111,22.57044611111111
2019-04-23T15:35:06,113.95265111111111,22.55854611111111
2019-04-23T15:35:13,113.95269611111111,22.557676944444445
2019-04-23T15:35:13,113.95269611111111,22.557676944444445
2019-04-23T15:35:13,113.95269611111111,22.557676944444445
2019-04-23T15:35:15,113.95270805555556,22.557446111111112
2019-04-23T15:37:45,113.95350194444444,22.542033888888888
2019-04-23T15:44:50,113.98388194444445,22.536216944444444
2019-04-23T15:45:01,113.98562694444445,22.536203055555557
2019-04-23T15:45:03,113.98593194444445,22.536198055555555
2019-04-23T15:45:14,113.98766305555556,22.53614888888889
2019-04-23T15:45:18,113.98818194444445,22.536071944444444
2019-04-23T15:45:19,113.98828694444444,22.53605111111111
2019-04-23T15:45:43,113.99031305555556,22.535533055555554
2019-04-23T15:46:37,113.99811305555555,22.535058888888887
2019-04-23T15:46:43,113.99919611111112,22.535215
2019-04-23T15:46:49,114.00012,22.53537
2019-04-23T15:46:55,114.0010238888889,22.535495
2019-04-23T15:47:02,114.00178194444445,22.535588055555557
2019-04-23T15:47:08,114.001985,22.535621944444443
2019-04-23T15:47:14,114.00198805555556,22.535621111111112
2019-04-23T15:47:21,114.00198694444444,22.53562388888889
2019-04-23T15:47:27,114.00199111111111,22.535621944444443
2019-04-23T15:47:33,114.00199194444444,22.53562611111111
2019-04-23T15:47:40,114.00198611111111,22.535628055555556
2019-04-23T15:47:46,114.00198388888889,22.535623055555554
2019-04-23T15:47:53,114.00198194444444,22.53562
2019-04-23T15:47:59,114.0019811111111,22.535621111111112
2019-04-23T15:48:05,114.00212694444444,22.53564888888889
2019-04-23T15:48:11,114.00245611111112,22.535703055555555
2019-04-23T15:48:18,114.00288,22.535775
2019-04-23T15:48:24,114.00335888888888,22.53585888888889
2019-04-23T15:48:30,114.00391805555556,22.535956944444443
2019-04-23T15:48:37,114.00467194444444,22.536081944444444
2019-04-23T15:48:43,114.00541111111112,22.536203055555557
2019-04-23T15:48:49,114.00619305555556,22.536336111111112
2019-04-23T15:48:55,114.00687305555556,22.536453055555555
2019-04-23T15:49:02,114.00740888888889,22.53654388888889
2019-04-23T15:49:08,114.00745305555556,22.536553055555554
2019-04-23T15:49:14,114.00745694444444,22.536553055555554
2019-04-23T15:49:21,114.007475,22.536556944444445
2019-04-23T15:49:26,114.00771,22.536598055555555
2019-04-23T15:49:33,114.00840111111111,22.53671388888889
2019-04-23T15:49:39,114.00922694444445,22.536851944444443
2019-04-23T15:49:46,114.0103388888889,22.537068055555554
2019-04-23T15:49:52,114.01125888888889,22.537233055555557
2019-04-23T15:49:58,114.01214694444444,22.537415
2019-04-23T15:50:04,114.013035,22.53762111111111
2019-04-23T15:50:11,114.01400611111112,22.53776111111111
2019-04-23T15:50:17,114.01452194444444,22.53782888888889
2019-04-23T15:50:23,114.01507388888889,22.53790888888889
2019-04-23T15:50:30,114.01595611111111,22.538003888888888
2019-04-23T15:50:36,114.01690694444444,22.538175
2019-04-23T15:50:42,114.01790194444445,22.538355
2019-04-23T15:50:48,114.01887,22.53849888888889
2019-04-23T15:50:55,114.01996805555555,22.53864111111111
2019-04-23T15:51:01,114.02083194444444,22.538788888888888
2019-04-23T15:51:07,114.02169305555556,22.538933888888888
2019-04-23T15:51:14,114.02270694444445,22.539128055555555
2019-04-23T15:51:19,114.02344611111111,22.539265
2019-04-23T15:51:26,114.02446111111111,22.539451111111113
2019-04-23T15:51:32,114.02541305555556,22.539653055555554
2019-04-23T15:51:38,114.02635805555556,22.539818888888888
2019-04-23T15:51:45,114.02730694444445,22.539978055555554
2019-04-23T15:51:51,114.02812694444444,22.54011388888889
2019-04-23T15:51:58,114.02911611111111,22.54028388888889
2019-04-23T15:52:04,114.02972,22.540386944444446
2019-04-23T15:52:10,114.030515,22.540518055555555
2019-04-23T15:52:17,114.03123388888889,22.54064
2019-04-23T15:52:23,114.03141388888889,22.540671944444444
2019-04-23T15:52:29,114.03143,22.54067611111111
2019-04-23T15:52:35,114.03142888888888,22.54067388888889
2019-04-23T15:52:42,114.03142805555555,22.54067388888889
2019-04-23T15:52:48,114.03142805555555,22.540673055555555
2019-04-23T15:52:54,114.03161805555555,22.540703055555557
2019-04-23T15:53:00,114.03236194444445,22.54083
2019-04-23T15:53:07,114.03343111111111,22.541013055555556
2019-04-23T15:53:13,114.03422888888889,22.541148055555556
2019-04-23T15:53:19,114.03473305555555,22.541236944444446
2019-04-23T15:53:25,114.0351961111111,22.541313055555555
2019-04-23T15:53:32,114.03598305555556,22.541466944444444
2019-04-23T15:53:38,114.03682694444444,22.54162611111111
2019-04-23T15:53:44,114.0376561111111,22.54176888888889
2019-04-23T15:53:51,114.03849694444445,22.541911111111112
2019-04-23T15:53:57,114.03900305555555,22.541998055555556
2019-04-23T15:54:03,114.03963194444445,22.54209611111111
2019-04-23T15:54:09,114.0403738888889,22.542188888888887
2019-04-23T15:54:15,114.04114388888888,22.542255
2019-04-23T15:54:22,114.04206694444444,22.542286944444445
2019-04-23T15:54:28,114.04291611111111,22.542308055555555
2019-04-23T15:54:35,114.04395194444444,22.542326111111112
2019-04-23T15:54:41,114.04479388888889,22.54234388888889
2019-04-23T15:54:47,114.04565111111111,22.542365
2019-04-23T15:54:53,114.04646305555555,22.54238388888889
2019-04-23T15:55:00,114.0473138888889,22.54239388888889
2019-04-23T15:55:06,114.04765388888889,22.54240111111111
2019-04-23T15:55:12,114.04765305555556,22.54240111111111
2019-04-23T15:55:18,114.04765388888889,22.5424
2019-04-23T15:55:25,114.04765305555556,22.54240111111111
2019-04-23T15:55:31,114.04765305555556,22.542403055555557
2019-04-23T15:55:37,114.04765305555556,22.542401944444446
2019-04-23T15:55:44,114.047665,22.54240111111111
2019-04-23T15:55:50,114.0481,22.54241
2019-04-23T15:55:56,114.04877694444444,22.542423888888887
2019-04-23T15:56:02,114.04948194444444,22.54243388888889
2019-04-23T15:56:09,114.05039805555556,22.542451944444444
2019-04-23T15:56:15,114.05125805555555,22.542466944444445
2019-04-23T15:56:21,114.0520588888889,22.54245111111111
2019-04-23T15:56:28,114.05303611111111,22.542281944444444
2019-04-23T15:56:34,114.0538938888889,22.54211388888889
2019-04-23T15:56:39,114.05456111111111,22.542051944444445
2019-04-23T15:56:46,114.05548388888889,22.542185
2019-04-23T15:56:53,114.0564038888889,22.54241
2019-04-23T15:56:58,114.05700805555556,22.542513055555556
2019-04-23T15:57:05,114.05778194444444,22.542418055555554
2019-04-23T15:57:12,114.05861805555556,22.542366944444446
2019-04-23T15:57:18,114.05942,22.542381944444443
2019-04-23T15:57:24,114.06023805555556,22.542391944444443
2019-04-23T15:57:38,114.06222194444445,22.5424
2019-04-23T15:57:44,114.06304888888889,22.542411944444446
2019-04-23T15:57:51,114.06403611111111,22.542436111111112
2019-04-23T15:57:57,114.064955,22.542436944444443
2019-04-23T15:58:03,114.06584388888889,22.542458055555556
2019-04-23T15:58:09,114.06657,22.542485
2019-04-23T15:58:16,114.06728888888888,22.542703055555556
2019-04-23T15:58:22,114.06794,22.542803055555556
2019-04-23T15:58:28,114.06882611111111,22.542828888888888
2019-04-23T15:58:35,114.06986611111111,22.542846944444445
2019-04-23T15:58:41,114.0706838888889,22.54286
2019-04-23T15:58:48,114.07148111111111,22.542883888888888
2019-04-23T15:58:54,114.07212694444445,22.54291
2019-04-23T15:59:00,114.07258194444445,22.542933055555554
2019-04-23T15:59:06,114.07291694444444,22.542933055555554
2019-04-23T15:59:13,114.07310888888888,22.54293611111111
2019-04-23T15:59:19,114.07311,22.54293611111111
2019-04-23T15:59:25,114.07310805555555,22.542933055555554
2019-04-23T15:59:32,114.07312,22.542936944444445
2019-04-23T15:59:38,114.073195,22.542941111111112
2019-04-23T15:59:44,114.07321694444444,22.54294388888889
2019-04-23T15:59:51,114.07345194444444,22.542951111111112
2019-04-23T15:59:57,114.07348111111111,22.54294888888889
2019-04-23T16:00:03,114.07348694444444,22.54294888888889
2019-04-23T16:00:09,114.07355,22.54295
2019-04-23T16:00:16,114.07378,22.542948055555556
2019-04-23T16:00:22,114.07386,22.542951111111112
2019-04-23T16:00:28,114.07386,22.542955
2019-04-23T16:00:35,114.07386111111111,22.542956944444445
2019-04-23T16:00:41,114.07386,22.542958055555555
2019-04-23T16:00:47,114.07385888888889,22.54295888888889
2019-04-23T16:00:53,114.07386,22.54295888888889
2019-04-23T16:01:00,114.07385888888889,22.54295888888889
2019-04-23T16:01:06,114.07385805555556,22.542958055555555
2019-04-23T16:01:12,114.07397305555556,22.542958055555555
2019-04-23T16:01:19,114.07427194444445,22.542963055555557
2019-04-23T16:01:25,114.07453611111112,22.542961944444443
2019-04-23T16:01:31,114.07459694444445,22.542961944444443
2019-04-23T16:01:37,114.07459888888889,22.542963888888888
2019-04-23T16:01:45,114.07478388888889,22.54296111111111
2019-04-23T16:01:51,114.07483388888889,22.54296111111111
2019-04-23T16:01:57,114.07483305555556,22.54296111111111
2019-04-23T16:02:03,114.07483194444444,22.54296111111111
2019-04-23T16:02:09,114.07483194444444,22.54296111111111
2019-04-23T16:02:17,114.07483,22.542963055555557
2019-04-23T16:02:24,114.07491194444444,22.54296111111111
2019-04-23T16:02:30,114.07518388888889,22.54296611111111
2019-04-23T16:02:37,114.07521305555555,22.54296611111111
2019-04-23T16:02:43,114.07522805555556,22.542966944444444
2019-04-23T16:02:49,114.07523388888889,22.54296611111111
2019-04-23T16:02:56,114.07523305555556,22.542966944444444
2019-04-23T16:03:03,114.07523,22.54296611111111
2019-04-23T16:03:09,114.07523194444444,22.542965
2019-04-23T16:03:16,114.07522805555556,22.542963055555557
2019-04-23T16:03:22,114.0752261111111,22.542961944444443
2019-04-23T16:03:29,114.07522888888889,22.54296111111111
2019-04-23T16:03:35,114.07523,22.54295888888889
2019-04-23T16:03:41,114.07523694444444,22.542963055555557
2019-04-23T16:03:48,114.07526388888888,22.542963888888888
2019-04-23T16:03:54,114.07554888888889,22.54297
2019-04-23T16:04:00,114.07596611111111,22.542978055555555
2019-04-23T16:04:07,114.07630611111111,22.542986944444444
2019-04-23T16:04:14,114.07661805555556,22.54299111111111
2019-04-23T16:04:20,114.07700305555555,22.543
2019-04-23T16:04:26,114.07744694444445,22.54301388888889
2019-04-23T16:04:32,114.0777711111111,22.543028888888887
2019-04-23T16:04:37,114.07796805555556,22.54303611111111
2019-04-23T16:04:47,114.078145,22.543038055555556
2019-04-23T16:04:53,114.07816,22.54304
2019-04-23T16:04:59,114.07817111111112,22.543041944444443
2019-04-23T16:05:06,114.0784461111111,22.543043055555554
2019-04-23T16:05:12,114.07872,22.54305
2019-04-23T16:05:18,114.07882888888889,22.54305388888889
2019-04-23T16:05:24,114.07891194444444,22.543056944444444
2019-04-23T16:05:30,114.078975,22.543058055555555
2019-04-23T16:05:37,114.07897694444445,22.54305611111111
2019-04-23T16:05:44,114.07897305555555,22.54305888888889
2019-04-23T16:05:50,114.07910694444445,22.543063055555557
2019-04-23T16:05:56,114.07912611111111,22.54306111111111
2019-04-23T16:06:03,114.07912611111111,22.543058055555555
2019-04-23T16:06:09,114.07912611111111,22.543061944444446
2019-04-23T16:06:15,114.07912694444444,22.543066111111113
2019-04-23T16:06:22,114.07913,22.543063055555557
2019-04-23T16:06:29,114.079275,22.54306111111111
2019-04-23T16:06:35,114.07969388888888,22.54307111111111
2019-04-23T16:06:42,114.08019,22.543083888888887
2019-04-23T16:06:48,114.08056,22.54309388888889
2019-04-23T16:06:55,114.08075694444445,22.5431
2019-04-23T16:07:01,114.08076194444445,22.543103055555555
2019-04-23T16:07:08,114.08076111111112,22.54310388888889
2019-04-23T16:07:14,114.08076305555555,22.54310111111111
2019-04-23T16:07:20,114.0807638888889,22.543101944444444
2019-04-23T16:07:27,114.08078388888889,22.543105
2019-04-23T16:07:33,114.08112,22.543111944444444
2019-04-23T16:07:40,114.08146611111111,22.543125
2019-04-23T16:07:46,114.081475,22.54312388888889
2019-04-23T16:07:53,114.08148305555555,22.543125
2019-04-23T16:07:59,114.08148388888888,22.54312388888889
2019-04-23T16:08:06,114.08148194444445,22.54312388888889
2019-04-23T16:08:12,114.08148111111112,22.54312388888889
2019-04-23T16:08:19,114.08148194444445,22.543123055555554
2019-04-23T16:08:26,114.08148194444445,22.543118888888888
2019-04-23T16:08:32,114.08148305555555,22.543116944444446
2019-04-23T16:08:39,114.08148305555555,22.543116944444446
2019-04-23T16:08:46,114.081485,22.543116944444446
2019-04-23T16:08:53,114.08164194444444,22.543116944444446
2019-04-23T16:09:03,114.08280388888889,22.54314388888889
2019-04-23T16:09:09,114.08324388888889,22.543156944444444
2019-04-23T16:09:16,114.08345805555555,22.54316
2019-04-23T16:09:22,114.08356111111111,22.543163055555556
2019-04-23T16:09:28,114.08380111111111,22.543166111111113
2019-04-23T16:09:35,114.0839061111111,22.543163055555556
2019-04-23T16:09:41,114.08391194444444,22.543153055555557
2019-04-23T16:09:48,114.084065,22.543153888888888
2019-04-23T16:09:54,114.08417111111112,22.543158055555555
2019-04-23T16:10:00,114.08447611111112,22.543163055555556
2019-04-23T16:10:07,114.084845,22.543173055555556
2019-04-23T16:10:13,114.08516694444444,22.543183055555556
2019-04-23T16:10:19,114.08547,22.54319611111111
2019-04-23T16:10:26,114.08590194444444,22.543198055555557
2019-04-23T16:10:32,114.0863588888889,22.543208055555557
2019-04-23T16:10:39,114.086945,22.543215
2019-04-23T16:10:45,114.08715611111111,22.543215
2019-04-23T16:10:51,114.08734805555555,22.54322
2019-04-23T16:10:58,114.08754111111111,22.54322388888889
2019-04-23T16:11:05,114.0877611111111,22.543226944444445
2019-04-23T16:11:11,114.08777,22.543228055555556
2019-04-23T16:11:18,114.08776805555556,22.543223055555554
2019-04-23T16:11:24,114.08777305555556,22.543225
2019-04-23T16:11:31,114.08788305555555,22.543223055555554
2019-04-23T16:11:38,114.08831305555556,22.543228055555556
2019-04-23T16:11:43,114.08882194444445,22.54324
2019-04-23T16:11:50,114.08953,22.543243055555557
2019-04-23T16:11:56,114.090045,22.54324
2019-04-23T16:12:03,114.09009805555556,22.543243888888888
2019-04-23T16:12:09,114.09011611111112,22.54324611111111
2019-04-23T16:12:15,114.09013694444444,22.543246944444444
2019-04-23T16:12:15,114.09013694444444,22.543246944444444
2019-04-23T16:12:15,114.09013694444444,22.543246944444444
2019-04-23T16:12:22,114.09034111111112,22.54324888888889
2019-04-23T16:12:28,114.09055694444444,22.543251944444446
2019-04-23T16:12:35,114.091125,22.543266944444444
2019-04-23T16:12:41,114.091705,22.543313055555554
2019-04-23T16:12:48,114.09224194444444,22.54332611111111
2019-04-23T16:12:54,114.092785,22.543346111111113
2019-04-23T16:13:00,114.09320694444445,22.543356111111112
2019-04-23T16:13:07,114.09374111111111,22.543366111111112
2019-04-23T16:13:14,114.09424888888888,22.543386944444446
2019-04-23T16:13:20,114.09472305555556,22.543396944444446
2019-04-23T16:13:27,114.09552805555556,22.543405
2019-04-23T16:13:33,114.09621194444445,22.543388888888888
2019-04-23T16:13:40,114.09699194444444,22.543393055555555
2019-04-23T16:13:46,114.097475,22.54339611111111
2019-04-23T16:13:53,114.097735,22.543401111111113
2019-04-23T16:13:59,114.09775611111111,22.543403055555554
2019-04-23T16:14:06,114.09775888888889,22.543403055555554
2019-04-23T16:14:12,114.09775888888889,22.543408888888887
2019-04-23T16:14:19,114.09775694444444,22.543408888888887
2019-04-23T16:14:25,114.09775805555556,22.543411111111112
2019-04-23T16:14:32,114.09801305555555,22.543411111111112
2019-04-23T16:14:35,114.09824611111111,22.54340388888889
2019-04-23T16:14:44,114.0990811111111,22.543411111111112
2019-04-23T16:14:50,114.09936888888889,22.54342
2019-04-23T16:14:57,114.099365,22.54341888888889
2019-04-23T16:15:04,114.09937194444444,22.54341611111111
2019-04-23T16:15:10,114.09937305555556,22.54341611111111
2019-04-23T16:15:16,114.09936888888889,22.54341611111111
2019-04-23T16:15:22,114.09937,22.54341611111111
2019-04-23T16:15:29,114.09936805555556,22.54341611111111
2019-04-23T16:15:36,114.09936111111111,22.543416944444445
2019-04-23T16:15:42,114.09936611111111,22.543418055555556
2019-04-23T16:15:48,114.09936611111111,22.54341611111111
2019-04-23T16:15:55,114.099365,22.54341611111111
2019-04-23T16:16:01,114.09936888888889,22.54341
2019-04-23T16:16:07,114.09936694444444,22.54340611111111
2019-04-23T16:16:14,114.099365,22.54340388888889
2019-04-23T16:16:20,114.09936611111111,22.54340388888889
2019-04-23T16:16:22,114.09936611111111,22.543403055555554
2019-04-23T16:16:33,114.09937111111111,22.54339611111111
2019-04-23T16:16:39,114.09937,22.543393055555555
2019-04-23T16:16:45,114.09936805555556,22.54339
2019-04-23T16:16:52,114.09940194444444,22.543388888888888
2019-04-23T16:16:58,114.09989805555556,22.543421111111112
2019-04-23T16:17:05,114.10076694444444,22.54352
2019-04-23T16:17:08,114.10114888888889,22.543613055555557
2019-04-23T16:17:17,114.10229888888888,22.543861944444444
2019-04-23T16:17:24,114.10315,22.544046944444446
2019-04-23T16:17:28,114.10351194444445,22.544116111111112
2019-04-23T16:17:36,114.10384,22.54416388888889
2019-04-23T16:17:42,114.10382,22.544161111111112
2019-04-23T16:17:49,114.10380388888889,22.544158055555556
2019-04-23T16:17:55,114.10381694444445,22.544161111111112
2019-04-23T16:18:00,114.10398694444444,22.544203055555556
2019-04-23T16:18:08,114.10415805555556,22.54423111111111
2019-04-23T16:18:14,114.1044611111111,22.544271944444443
2019-04-23T16:18:20,114.10476,22.54432611111111
2019-04-23T16:18:26,114.10513694444444,22.544393888888887
2019-04-23T16:18:33,114.10549694444444,22.54446
2019-04-23T16:18:39,114.10595111111111,22.544546944444445
2019-04-23T16:18:45,114.106425,22.54461611111111
2019-04-23T16:18:49,114.1067288888889,22.544668055555555
2019-04-23T16:18:58,114.10712,22.544756944444444
2019-04-23T16:19:04,114.1072811111111,22.544811944444444
2019-04-23T16:19:11,114.10740388888888,22.54484
2019-04-23T16:19:17,114.1074111111111,22.544841944444446
2019-04-23T16:19:23,114.10740805555555,22.544841944444446
2019-04-23T16:19:29,114.10740388888888,22.54483888888889
2019-04-23T16:19:36,114.10740805555555,22.544835
2019-04-23T16:19:42,114.107415,22.544836944444445
2019-04-23T16:19:48,114.10742388888889,22.544838055555555
2019-04-23T16:19:55,114.10743805555556,22.54484
2019-04-23T16:20:01,114.10751194444444,22.54485111111111
2019-04-23T16:20:07,114.10752388888889,22.544853055555556
2019-04-23T16:20:13,114.10754,22.544855
2019-04-23T16:20:20,114.107545,22.544855
2019-04-23T16:20:26,114.10765888888889,22.54487388888889
2019-04-23T16:20:33,114.10799694444445,22.544928055555555
2019-04-23T16:20:39,114.10819694444444,22.544966111111112
2019-04-23T16:20:46,114.10846111111111,22.545041944444446
2019-04-23T16:20:52,114.10864305555556,22.545078888888888
2019-04-23T16:20:58,114.10901805555555,22.545136944444444
2019-04-23T16:21:04,114.10927805555555,22.545176944444446
2019-04-23T16:21:11,114.10951111111112,22.545215
2019-04-23T16:21:17,114.109725,22.54524888888889
2019-04-23T16:21:23,114.10990694444445,22.545278888888888
2019-04-23T16:21:29,114.11012694444445,22.545313888888888
2019-04-23T16:21:36,114.11019,22.545325
2019-04-23T16:21:42,114.11020305555556,22.545321944444446
2019-04-23T16:21:48,114.1102188888889,22.545323888888888
2019-04-23T16:21:55,114.11026611111112,22.545331944444445
2019-04-23T16:22:01,114.11036805555555,22.545346944444443
2019-04-23T16:22:07,114.11043,22.545358055555557
2019-04-23T16:22:14,114.11041194444445,22.545355
2019-04-23T16:22:20,114.11040888888888,22.54535388888889
2019-04-23T16:22:26,114.11042611111111,22.545356944444446
2019-04-23T16:22:33,114.11057194444444,22.545385
2019-04-23T16:22:39,114.11088111111111,22.54544111111111
2019-04-23T16:22:45,114.111195,22.5455
2019-04-23T16:22:51,114.11144694444444,22.545533055555556
2019-04-23T16:22:58,114.11171611111111,22.54557611111111
2019-04-23T16:23:04,114.11183,22.545595
2019-04-23T16:23:10,114.11221305555556,22.545651111111113
2019-04-23T16:23:16,114.11263,22.545715
2019-04-23T16:23:23,114.11279,22.545741944444444
2019-04-23T16:23:29,114.11279611111111,22.545745
2019-04-23T16:23:35,114.112805,22.54574611111111
2019-04-23T16:23:41,114.112805,22.545748055555556
2019-04-23T16:23:48,114.11280194444444,22.545751111111112
2019-04-23T16:23:54,114.11280194444444,22.545751944444444
2019-04-23T16:24:00,114.112805,22.545748055555556
2019-04-23T16:24:07,114.1128,22.545745
2019-04-23T16:24:13,114.11279,22.545743055555555
2019-04-23T16:24:19,114.11278194444445,22.545743055555555
2019-04-23T16:24:26,114.11278388888888,22.545745
2019-04-23T16:24:32,114.11278805555555,22.54574388888889
2019-04-23T16:24:39,114.1129038888889,22.545761111111112
2019-04-23T16:24:45,114.11322388888888,22.545815
2019-04-23T16:24:52,114.11376388888888,22.545903055555556
2019-04-23T16:24:58,114.11411611111112,22.54595888888889
2019-04-23T16:25:04,114.11426888888889,22.545986944444444
2019-04-23T16:25:10,114.11424111111111,22.54598111111111
2019-04-23T16:25:16,114.114615,22.546006944444443
2019-04-23T16:25:23,114.11511194444445,22.54605388888889
2019-04-23T16:25:29,114.1155,22.546106944444446
2019-04-23T16:25:35,114.11584888888889,22.546145
2019-04-23T16:25:42,114.11623694444444,22.546186111111112
2019-04-23T16:25:48,114.11636694444445,22.54620388888889
2019-04-23T16:25:54,114.11648611111112,22.54622
2019-04-23T16:26:01,114.11653305555555,22.546231944444443
2019-04-23T16:26:07,114.11653694444445,22.54623388888889
2019-04-23T16:26:13,114.116555,22.54623888888889
2019-04-23T16:26:19,114.11657305555556,22.54624388888889
2019-04-23T16:26:26,114.11658,22.546248055555555
2019-04-23T16:26:32,114.11657694444445,22.54625
2019-04-23T16:26:38,114.11656111111111,22.546266944444444
2019-04-23T16:26:44,114.116555,22.546275
2019-04-23T16:26:51,114.11654305555555,22.54629111111111
2019-04-23T16:26:57,114.11654305555555,22.54630111111111
2019-04-23T16:27:03,114.1165461111111,22.54630611111111
2019-04-23T16:27:09,114.11654888888889,22.54631
2019-04-23T16:27:16,114.11654805555555,22.546313055555554
2019-04-23T16:27:22,114.11655888888889,22.54631
2019-04-23T16:27:28,114.11687,22.546366944444443
2019-04-23T16:27:34,114.11737694444444,22.54646111111111
2019-04-23T16:27:41,114.11811,22.54656888888889
2019-04-23T16:27:47,114.11869694444445,22.546665
2019-04-23T16:27:53,114.11936388888888,22.546791944444443
2019-04-23T16:27:59,114.12003694444445,22.546913055555557
2019-04-23T16:28:06,114.1206161111111,22.547011944444446
2019-04-23T16:28:12,114.12080388888889,22.547045
2019-04-23T16:28:18,114.12081888888889,22.547048888888888
2019-04-23T16:28:25,114.12082805555555,22.547053055555555
2019-04-23T16:28:31,114.12083194444445,22.547055
2019-04-23T16:28:37,114.1208288888889,22.547113055555556
2019-04-23T16:28:43,114.12051694444445,22.547083055555557
2019-04-23T16:28:50,114.11982694444444,22.546975
2019-04-23T16:28:56,114.11939305555556,22.546905
2019-04-23T16:29:02,114.119015,22.546846111111112
2019-04-23T16:29:09,114.11866888888889,22.546785
2019-04-23T16:29:15,114.118205,22.546691111111112
2019-04-23T16:29:21,114.11772,22.54661388888889
2019-04-23T16:29:27,114.11744888888889,22.54657
2019-04-23T16:29:34,114.11741805555556,22.546566944444443
2019-04-23T16:29:40,114.11741388888889,22.546568055555557
2019-04-23T16:29:46,114.11741388888889,22.54657
2019-04-23T16:29:53,114.11741694444444,22.54656888888889
2019-04-23T16:29:59,114.11741805555556,22.546573055555555
2019-04-23T16:30:05,114.11742305555556,22.546568055555557
2019-04-23T16:30:11,114.1174288888889,22.546566944444443
2019-04-23T16:30:18,114.11742694444445,22.546566944444443
2019-04-23T16:30:24,114.11742305555556,22.54657111111111
2019-04-23T16:30:30,114.11742611111112,22.54657
2019-04-23T16:30:36,114.11743194444445,22.546566944444443
2019-04-23T16:30:43,114.1174288888889,22.546561944444445
2019-04-23T16:30:49,114.11742194444444,22.54656388888889
2019-04-23T16:30:56,114.11742305555556,22.546566944444443
2019-04-23T16:31:02,114.1174238888889,22.546566944444443
2019-04-23T16:31:09,114.11742194444444,22.546566944444443
2019-04-23T16:31:15,114.11734194444445,22.54655111111111
2019-04-23T16:31:21,114.116875,22.546471944444445
2019-04-23T16:31:28,114.11600888888889,22.54632888888889
2019-04-23T16:31:34,114.11521111111111,22.546201944444444
2019-04-23T16:31:40,114.11438194444445,22.546076111111113
2019-04-23T16:31:47,114.113545,22.545951111111112
2019-04-23T16:31:53,114.11306,22.54587
2019-04-23T16:31:59,114.11266694444444,22.545786111111113
2019-04-23T16:32:05,114.11221194444444,22.545713055555556
2019-04-23T16:32:12,114.11151694444445,22.54560111111111
2019-04-23T16:32:18,114.11085194444445,22.545498055555555
2019-04-23T16:32:23,114.11024194444444,22.54540111111111
2019-04-23T16:32:31,114.10921611111111,22.545228055555555
2019-04-23T16:32:37,114.10846805555556,22.54512888888889
2019-04-23T16:32:44,114.10797388888889,22.545053055555556
2019-04-23T16:32:50,114.10780888888888,22.545055
2019-04-23T16:32:56,114.10780111111112,22.545053055555556
2019-04-23T16:33:02,114.107815,22.545053055555556
2019-04-23T16:33:09,114.10781805555555,22.545055
2019-04-23T16:33:15,114.10782111111111,22.545055
2019-04-23T16:33:21,114.107825,22.545053888888887
2019-04-23T16:33:27,114.10782694444444,22.545053888888887
2019-04-23T16:33:34,114.10782805555556,22.545053055555556
2019-04-23T16:33:40,114.107825,22.545051944444445
2019-04-23T16:33:47,114.1076811111111,22.545033055555557
2019-04-23T16:33:53,114.10732305555555,22.54497888888889
2019-04-23T16:33:59,114.10685305555556,22.544893055555555
2019-04-23T16:34:05,114.10631,22.544788055555557
2019-04-23T16:34:12,114.1057,22.544658055555555
2019-04-23T16:34:18,114.10523805555556,22.54456111111111
2019-04-23T16:34:24,114.10479194444444,22.54447
2019-04-23T16:34:31,114.10447194444444,22.544406111111112
2019-04-23T16:34:37,114.1039988888889,22.54432
2019-04-23T16:34:43,114.10340111111111,22.544203888888887
2019-04-23T16:34:49,114.10299888888889,22.544128055555557
2019-04-23T16:34:56,114.10281694444444,22.54409611111111
2019-04-23T16:35:02,114.10275888888889,22.544086944444444
2019-04-23T16:35:08,114.102495,22.54404
2019-04-23T16:35:15,114.10217305555555,22.543976944444445
2019-04-23T16:35:21,114.10198,22.543936111111112
2019-04-23T16:35:27,114.10174,22.54388611111111
2019-04-23T16:35:33,114.10156194444444,22.54383888888889
2019-04-23T16:35:40,114.10133805555556,22.54379611111111
2019-04-23T16:35:46,114.10095305555555,22.54371111111111
2019-04-23T16:35:52,114.10068888888888,22.543635
2019-04-23T16:35:59,114.10039,22.543588055555556
2019-04-23T16:36:05,114.10015,22.54357
2019-04-23T16:36:11,114.10004388888889,22.543566944444443
2019-04-23T16:36:17,114.10004194444444,22.54356888888889
2019-04-23T16:36:24,114.100045,22.543566944444443
2019-04-23T16:36:30,114.100045,22.543568055555557
2019-04-23T16:36:36,114.10004611111111,22.543571944444444
2019-04-23T16:36:43,114.100045,22.543573055555555
2019-04-23T16:36:49,114.10004694444444,22.543573055555555
2019-04-23T16:36:55,114.100045,22.543573055555555
2019-04-23T16:37:02,114.10004388888889,22.54357388888889
2019-04-23T16:37:08,114.100045,22.543578888888888
2019-04-23T16:37:14,114.09994305555556,22.543575
2019-04-23T16:37:20,114.09943694444445,22.54355888888889
2019-04-23T16:37:27,114.098535,22.543538055555555
2019-04-23T16:37:34,114.09753888888889,22.543491111111113
2019-04-23T16:37:40,114.096675,22.543473055555555
2019-04-23T16:37:46,114.09585,22.543456944444443
2019-04-23T16:37:52,114.09525611111111,22.543443055555556
2019-04-23T16:37:59,114.09486888888888,22.543436944444444
2019-04-23T16:38:05,114.0944761111111,22.54343111111111
2019-04-23T16:38:11,114.09419694444445,22.543421944444443
2019-04-23T16:38:18,114.09405611111112,22.54342
2019-04-23T16:38:24,114.09362805555556,22.543423055555557
2019-04-23T16:38:30,114.09297805555556,22.543411111111112
2019-04-23T16:38:37,114.09212805555556,22.543396944444446
2019-04-23T16:38:43,114.09162805555556,22.543391944444444
2019-04-23T16:38:49,114.09154305555556,22.54339
2019-04-23T16:38:56,114.09154111111111,22.543388888888888
2019-04-23T16:39:02,114.09154,22.543386944444446
2019-04-23T16:39:08,114.09154111111111,22.543386944444446
2019-04-23T16:39:14,114.09154,22.543388055555557
2019-04-23T16:39:21,114.09154111111111,22.543388055555557
2019-04-23T16:39:27,114.09154305555556,22.543388055555557
2019-04-23T16:39:33,114.09154388888889,22.543388055555557
2019-04-23T16:39:40,114.09154111111111,22.543388888888888
2019-04-23T16:39:46,114.09153888888889,22.54339111111111
2019-04-23T16:39:52,114.09153805555556,22.543393055555555
2019-04-23T16:39:59,114.09153805555556,22.54339388888889
2019-04-23T16:40:05,114.09153694444444,22.54339388888889
2019-04-23T16:40:11,114.09153888888889,22.543393055555555
2019-04-23T16:40:18,114.09153805555556,22.54339388888889
2019-04-23T16:40:25,114.09154,22.54339388888889
2019-04-23T16:40:32,114.09154194444444,22.543393055555555
2019-04-23T16:40:38,114.09125888888889,22.54338611111111
2019-04-23T16:40:44,114.09063805555556,22.543361944444445
2019-04-23T16:40:51,114.09023805555556,22.54335111111111
2019-04-23T16:40:57,114.0902211111111,22.543351944444446
2019-04-23T16:41:03,114.09019805555556,22.54334888888889
2019-04-23T16:41:09,114.09018611111111,22.543348055555555
2019-04-23T16:41:16,114.09016194444445,22.543346944444444
2019-04-23T16:41:22,114.09016194444445,22.543346944444444
2019-04-23T16:41:29,114.0901588888889,22.543346944444444
2019-04-23T16:41:35,114.09016194444445,22.543338055555555
2019-04-23T16:41:41,114.09016611111112,22.543336944444444
2019-04-23T16:41:48,114.09016805555555,22.54333611111111
2019-04-23T16:41:54,114.09016611111112,22.543335
2019-04-23T16:42:00,114.0901638888889,22.543336944444444
2019-04-23T16:42:06,114.08996805555556,22.54333388888889
2019-04-23T16:42:13,114.0896861111111,22.543346111111113
2019-04-23T16:42:19,114.08949805555555,22.543355
2019-04-23T16:42:19,114.08949805555555,22.543355
2019-04-23T16:42:19,114.08949805555555,22.543355
2019-04-23T16:42:25,114.08928,22.543353055555556
2019-04-23T16:42:32,114.08911694444444,22.54335
2019-04-23T16:42:38,114.08911305555556,22.543351944444446
2019-04-23T16:42:44,114.08910805555556,22.543355
2019-04-23T16:42:50,114.08911111111111,22.543353055555556
2019-04-23T16:42:57,114.08911805555556,22.54334888888889
2019-04-23T16:43:03,114.08911388888889,22.543353055555556
2019-04-23T16:43:09,114.08912111111111,22.54335
2019-04-23T16:43:15,114.08913111111112,22.543343888888888
2019-04-23T16:43:22,114.0891288888889,22.543341944444446
2019-04-23T16:43:28,114.08911805555556,22.543346111111113
2019-04-23T16:43:34,114.08912,22.543346944444444
2019-04-23T16:43:40,114.08912194444444,22.543343055555557
2019-04-23T16:43:47,114.08912,22.54334111111111
2019-04-23T16:43:53,114.08911111111111,22.543348055555555
2019-04-23T16:43:59,114.08911194444444,22.543353055555556
2019-04-23T16:44:05,114.089115,22.543348055555555
2019-04-23T16:44:12,114.089115,22.543348055555555
2019-04-23T16:44:18,114.08911194444444,22.543353055555556
2019-04-23T16:44:24,114.08911305555556,22.543356111111112
2019-04-23T16:44:31,114.08911388888889,22.54335888888889
2019-04-23T16:44:37,114.08911305555556,22.543363055555556
2019-04-23T16:44:43,114.08897694444444,22.543363888888887
2019-04-23T16:44:49,114.08858,22.54335111111111
2019-04-23T16:44:56,114.08811,22.543336944444444
2019-04-23T16:45:02,114.08772805555556,22.54331611111111
2019-04-23T16:45:08,114.08717694444445,22.54331
2019-04-23T16:45:14,114.08666388888889,22.543293055555555
2019-04-23T16:45:20,114.08602305555556,22.543266111111112
2019-04-23T16:45:27,114.08514694444445,22.54324111111111
2019-04-23T16:45:33,114.08443305555555,22.543221111111112
2019-04-23T16:45:39,114.08374305555556,22.54320111111111
2019-04-23T16:45:45,114.08325111111111,22.543188055555557
2019-04-23T16:45:52,114.08320388888889,22.543183055555556
2019-04-23T16:45:58,114.08318805555555,22.54318111111111
2019-04-23T16:46:04,114.08287888888889,22.543165
2019-04-23T16:46:11,114.08226888888889,22.54314611111111
2019-04-23T16:46:17,114.08167388888889,22.543176111111112
2019-04-23T16:46:23,114.08106111111111,22.543165
2019-04-23T16:46:29,114.08062611111112,22.54315611111111
2019-04-23T16:46:36,114.08016305555556,22.54314
2019-04-23T16:46:42,114.07973,22.54313
2019-04-23T16:46:48,114.07941305555556,22.543121944444444
2019-04-23T16:46:55,114.07884194444445,22.543108888888888
2019-04-23T16:47:01,114.07823305555556,22.54310111111111
2019-04-23T16:47:07,114.07758611111112,22.543063055555557
2019-04-23T16:47:14,114.07672611111111,22.54302388888889
2019-04-23T16:47:20,114.07637888888888,22.54301388888889
2019-04-23T16:47:26,114.07641,22.54302
2019-04-23T16:47:32,114.07640888888889,22.543021944444444
2019-04-23T16:47:39,114.07640611111111,22.54302611111111
2019-04-23T16:47:45,114.07640694444444,22.543028055555556
2019-04-23T16:47:51,114.07640194444444,22.543031944444444
2019-04-23T16:47:57,114.07639805555556,22.543033055555554
2019-04-23T16:48:04,114.07637111111111,22.54303
2019-04-23T16:48:10,114.07585388888889,22.54302388888889
2019-04-23T16:48:16,114.075035,22.54303
2019-04-23T16:48:23,114.07397805555556,22.54304888888889
2019-04-23T16:48:29,114.07306388888888,22.543031944444444
2019-04-23T16:48:35,114.07216111111111,22.543031111111112
2019-04-23T16:48:42,114.07116305555556,22.54305888888889
2019-04-23T16:48:47,114.070555,22.543046944444445
2019-04-23T16:48:55,114.06951388888889,22.543023055555555
2019-04-23T16:49:01,114.06868194444445,22.54300388888889
2019-04-23T16:49:07,114.06788388888889,22.542988055555554
2019-04-23T16:49:13,114.0671888888889,22.543065
2019-04-23T16:49:20,114.06633805555556,22.543153055555557
2019-04-23T16:49:26,114.06559,22.543186111111112
2019-04-23T16:49:32,114.0649088888889,22.543176944444443
2019-04-23T16:49:39,114.06405194444444,22.543163888888888
2019-04-23T16:49:45,114.06328888888889,22.54315111111111
2019-04-23T16:49:51,114.06252611111111,22.54314
2019-04-23T16:49:57,114.06176805555556,22.54313888888889
2019-04-23T16:50:04,114.06079694444445,22.543188055555557
2019-04-23T16:50:10,114.05990888888888,22.543188055555557
2019-04-23T16:50:16,114.059055,22.54319
2019-04-23T16:50:23,114.05812194444445,22.543091944444445
2019-04-23T16:50:29,114.05740305555555,22.542886944444444
2019-04-23T16:50:35,114.05662194444444,22.542878055555555
2019-04-23T16:50:42,114.05567305555556,22.54306888888889
2019-04-23T16:50:48,114.05488,22.543201944444444
2019-04-23T16:50:53,114.05419888888889,22.54318
2019-04-23T16:51:01,114.05314305555555,22.542951944444443
2019-04-23T16:51:07,114.05232305555556,22.542755
2019-04-23T16:51:13,114.05152111111111,22.542656944444445
2019-04-23T16:51:19,114.050725,22.542636944444446
2019-04-23T16:51:26,114.04982111111111,22.5426
2019-04-23T16:51:32,114.04909111111111,22.54258
2019-04-23T16:51:38,114.04845611111111,22.542563055555554
2019-04-23T16:51:45,114.04806611111111,22.542546944444446
2019-04-23T16:51:51,114.04803888888888,22.542546944444446
2019-04-23T16:51:58,114.048035,22.54254111111111
2019-04-23T16:52:04,114.048035,22.54254111111111
2019-04-23T16:52:10,114.04784805555556,22.542533055555555
2019-04-23T16:52:16,114.04726111111111,22.542513888888887
2019-04-23T16:52:23,114.04640694444444,22.542513888888887
2019-04-23T16:52:29,114.04565611111111,22.542505
2019-04-23T16:52:36,114.04474611111111,22.542488055555555
2019-04-23T16:52:42,114.04395805555555,22.542473055555554
2019-04-23T16:52:48,114.04316,22.542456944444446
2019-04-23T16:52:55,114.04219305555556,22.54243388888889
2019-04-23T16:53:01,114.041365,22.542418055555554
2019-04-23T16:53:08,114.04048,22.542375
2019-04-23T16:53:14,114.03993694444445,22.542315
2019-04-23T16:53:20,114.03968888888889,22.54228
2019-04-23T16:53:27,114.03966194444445,22.542278055555556
2019-04-23T16:53:33,114.039665,22.542278888888887
2019-04-23T16:53:39,114.0396638888889,22.542283055555554
2019-04-23T16:53:46,114.03966194444445,22.542278055555556
2019-04-23T16:53:52,114.0395688888889,22.542271944444444
2019-04-23T16:53:58,114.03903694444445,22.54217611111111
2019-04-23T16:54:04,114.03829694444444,22.54205111111111
2019-04-23T16:54:11,114.0374,22.541901111111112
2019-04-23T16:54:17,114.03673194444444,22.541785
2019-04-23T16:54:23,114.036345,22.541718055555556
2019-04-23T16:54:29,114.0362,22.54169388888889
2019-04-23T16:54:36,114.03617888888888,22.541693055555555
2019-04-23T16:54:42,114.03618194444445,22.54169
2019-04-23T16:54:49,114.03616805555555,22.541688055555557
2019-04-23T16:54:55,114.03617194444445,22.54168611111111
2019-04-23T16:55:01,114.03599694444445,22.54166
2019-04-23T16:55:07,114.0355438888889,22.541586111111112
2019-04-23T16:55:14,114.03456888888888,22.541418055555557
2019-04-23T16:55:20,114.0337211111111,22.541273055555557
2019-04-23T16:55:27,114.03275305555556,22.541111944444445
2019-04-23T16:55:33,114.03211611111111,22.541006111111113
2019-04-23T16:55:39,114.03168305555556,22.54093388888889
2019-04-23T16:55:46,114.03087611111111,22.54079888888889
2019-04-23T16:55:52,114.03017805555555,22.540676944444446
2019-04-23T16:55:58,114.02952111111111,22.54056388888889
2019-04-23T16:56:05,114.02868194444444,22.540423055555557
2019-04-23T16:56:11,114.02795194444444,22.540298055555557
2019-04-23T16:56:17,114.02716,22.540163888888888
2019-04-23T16:56:24,114.02620388888889,22.540006944444446
2019-04-23T16:56:30,114.02535805555556,22.539863055555557
2019-04-23T16:56:36,114.02444111111112,22.53973388888889
2019-04-23T16:56:43,114.0233761111111,22.539551111111113
2019-04-23T16:56:49,114.02246694444445,22.539388055555555
2019-04-23T16:56:55,114.02154194444445,22.539233888888887
2019-04-23T16:57:02,114.020465,22.53905388888889
2019-04-23T16:57:08,114.01957305555555,22.538901944444444
2019-04-23T16:57:14,114.0186811111111,22.53874888888889
2019-04-23T16:57:21,114.01763611111112,22.53858
2019-04-23T16:57:27,114.01676611111111,22.53843611111111
2019-04-23T16:57:33,114.01589805555555,22.538285
2019-04-23T16:57:39,114.01509388888888,22.538143055555555
2019-04-23T16:57:46,114.01448805555556,22.538038055555557
2019-04-23T16:57:52,114.01435111111111,22.538013055555556
2019-04-23T16:57:59,114.01433388888888,22.53801111111111
2019-04-23T16:58:05,114.01432305555555,22.53801
2019-04-23T16:58:11,114.0143238888889,22.538011944444445
2019-04-23T16:58:18,114.01430805555556,22.538013888888887
2019-04-23T16:58:24,114.01404194444444,22.537963055555554
2019-04-23T16:58:30,114.01326888888889,22.53783888888889
2019-04-23T16:58:37,114.01224111111111,22.53769388888889
2019-04-23T16:58:43,114.01135,22.537545
2019-04-23T16:58:49,114.01044611111111,22.537401111111112
2019-04-23T16:58:56,114.0093488888889,22.53721
2019-04-23T16:59:02,114.00842694444444,22.53705111111111
2019-04-23T16:59:07,114.0077,22.536928055555556
2019-04-23T16:59:14,114.00666305555555,22.536753055555554
2019-04-23T16:59:21,114.0056511111111,22.53658111111111
2019-04-23T16:59:27,114.004805,22.53643611111111
2019-04-23T16:59:33,114.00395611111111,22.53629388888889
2019-04-23T16:59:40,114.002995,22.536128055555555
2019-04-23T16:59:46,114.00216888888889,22.535968055555557
2019-04-23T16:59:52,114.00130805555555,22.535813055555554
2019-04-23T16:59:59,114.00029305555556,22.53565111111111
2019-04-23T17:00:05,113.99940805555555,22.535496944444443
2019-04-23T17:00:11,113.998545,22.535351111111112
2019-04-23T17:00:18,113.99753805555555,22.535178055555555
2019-04-23T17:00:24,113.99670111111111,22.535041111111113
2019-04-23T17:00:30,113.99585694444444,22.534955
2019-04-23T17:00:37,113.99488194444444,22.53492388888889
2019-04-23T17:00:43,113.99403,22.534956944444446
2019-04-23T17:00:49,113.99318611111111,22.535051111111112
2019-04-23T17:00:56,113.99224305555556,22.53522388888889
2019-04-23T17:01:02,113.99142694444444,22.53542611111111
2019-04-23T17:01:08,113.99067805555555,22.535618888888887
2019-04-23T17:01:15,113.98980805555556,22.53585
2019-04-23T17:01:21,113.98901611111111,22.536058055555557
2019-04-23T17:01:27,113.9882638888889,22.536243055555556
2019-04-23T17:01:34,113.98740111111111,22.536353055555555
2019-04-23T17:01:40,113.98667805555556,22.536378055555556
2019-04-23T17:01:46,113.98592305555556,22.536396944444444
2019-04-23T17:01:53,113.98501,22.53641
2019-04-23T17:01:59,113.98428111111112,22.536426944444443
2019-04-23T17:02:05,113.98369111111111,22.53644
2019-04-23T17:02:12,113.98333611111111,22.53644611111111
2019-04-23T17:02:18,113.98332305555556,22.536443055555555
2019-04-23T17:02:24,113.98330805555555,22.536451944444444
2019-04-23T17:02:31,113.98329694444445,22.536451111111113
2019-04-23T17:02:37,113.983245,22.53645
2019-04-23T17:02:43,113.98306305555556,22.536455
2019-04-23T17:02:49,113.982765,22.53645388888889
2019-04-23T17:02:56,113.98225111111111,22.536461111111112
2019-04-23T17:03:02,113.98175305555556,22.536458055555556
2019-04-23T17:03:08,113.9809811111111,22.53644111111111
2019-04-23T17:03:15,113.98009305555556,22.53647888888889
2019-04-23T17:03:21,113.979145,22.53651
2019-04-23T17:03:27,113.97824305555555,22.536535
2019-04-23T17:03:34,113.97726694444444,22.53667888888889
2019-04-23T17:03:40,113.97652,22.53693
2019-04-23T17:03:46,113.97583194444445,22.53723
2019-04-23T17:03:53,113.97508388888889,22.537591111111112
2019-04-23T17:03:59,113.97456805555555,22.537833055555556
2019-04-23T17:04:05,113.97418805555556,22.53801111111111
2019-04-23T17:04:12,113.97336194444445,22.538406944444443
2019-04-23T17:04:18,113.972705,22.538696944444446
2019-04-23T17:04:24,113.972325,22.53884111111111
2019-04-23T17:04:30,113.97196805555555,22.538978888888888
2019-04-23T17:04:37,113.97142,22.53918611111111
2019-04-23T17:04:43,113.97092388888889,22.539388055555555
2019-04-23T17:04:49,113.97027,22.539641111111113
2019-04-23T17:04:56,113.96942194444445,22.53995611111111
2019-04-23T17:05:02,113.9687161111111,22.540218055555556
2019-04-23T17:05:08,113.96799194444445,22.540493055555554
2019-04-23T17:05:15,113.967165,22.540798055555555
2019-04-23T17:05:21,113.96645805555555,22.541065
2019-04-23T17:05:27,113.96575,22.541331111111113
2019-04-23T17:05:33,113.96505805555556,22.54158888888889
2019-04-23T17:05:40,113.96421388888889,22.54190388888889
2019-04-23T17:05:46,113.96347194444445,22.542181944444444
2019-04-23T17:05:52,113.9627888888889,22.54245
2019-04-23T17:05:59,113.9620738888889,22.542753055555554
2019-04-23T17:06:05,113.96142388888889,22.54301111111111
2019-04-23T17:06:11,113.96115805555556,22.543108888888888
2019-04-23T17:06:18,113.9609261111111,22.54318388888889
2019-04-23T17:06:24,113.960795,22.54321611111111
2019-04-23T17:06:30,113.96063,22.543256944444444
2019-04-23T17:06:37,113.960495,22.543281944444445
2019-04-23T17:06:43,113.960395,22.5433
2019-04-23T17:06:49,113.96019611111112,22.543345
2019-04-23T17:06:56,113.96005111111111,22.543433055555557
2019-04-23T17:07:02,113.95995888888889,22.543843055555556
2019-04-23T17:07:08,113.96001305555555,22.544538055555556
2019-04-23T17:07:14,113.9600988888889,22.54520888888889
2019-04-23T17:07:21,113.96018611111111,22.54578111111111
2019-04-23T17:07:27,113.96021111111111,22.54604888888889
2019-04-23T17:07:33,113.96021305555556,22.546186944444443
2019-04-23T17:07:40,113.96021694444444,22.546228055555556
2019-04-23T17:07:46,113.96023611111112,22.546355
2019-04-23T17:07:52,113.960275,22.546593055555554
2019-04-23T17:07:59,113.96036805555555,22.54713611111111
2019-04-23T17:08:06,113.96048611111111,22.54791611111111
2019-04-23T17:08:14,113.96060888888888,22.548718055555554
2019-04-23T17:08:20,113.96064888888888,22.548998055555554
2019-04-23T17:08:28,113.96065,22.549015
2019-04-23T17:08:36,113.96070194444444,22.549333055555554
2019-04-23T17:08:44,113.96081,22.550036944444443
2019-04-23T17:08:49,113.96089388888889,22.550596944444443
2019-04-23T17:08:58,113.961055,22.55163888888889
2019-04-23T17:09:06,113.9611788888889,22.55257611111111
2019-04-23T17:09:14,113.96133111111111,22.553613055555555
2019-04-23T17:09:20,113.961455,22.554398055555556
2019-04-23T17:09:28,113.961615,22.55543388888889
2019-04-23T17:09:34,113.96173694444444,22.55624111111111
2019-04-23T17:09:40,113.961865,22.55706
2019-04-23T17:09:47,113.96201305555556,22.558036944444446
2019-04-23T17:09:54,113.9621638888889,22.559005
2019-04-23T17:10:00,113.96222611111111,22.559848055555555
2019-04-23T17:10:06,113.96202805555555,22.56069388888889
2019-04-23T17:10:14,113.96156888888889,22.561785
2019-04-23T17:10:20,113.96124694444444,22.56254611111111
2019-04-23T17:10:28,113.96086111111111,22.563458055555557
2019-04-23T17:10:34,113.960635,22.563925
2019-04-23T17:10:40,113.96055,22.564123055555555
2019-04-23T17:10:48,113.96052194444445,22.56419111111111
2019-04-23T17:10:54,113.96043611111111,22.56439388888889
2019-04-23T17:11:00,113.9602511111111,22.564571944444445
2019-04-23T17:11:08,113.95994,22.564663055555556
2019-04-23T17:11:13,113.9595238888889,22.564788055555557
2019-04-23T17:11:37,113.95752805555556,22.56532888888889
2019-04-23T17:11:45,113.95676888888889,22.565536944444446
2019-04-23T17:11:52,113.9562,22.565691944444445
2019-04-23T17:11:59,113.955925,22.56581111111111
2019-04-23T17:12:06,113.95535805555555,22.56606111111111
2019-04-23T17:12:12,113.954825,22.566463055555555
2019-04-23T17:12:18,113.95443388888889,22.566933055555555
2019-04-23T17:12:18,113.95443388888889,22.566933055555555
2019-04-23T17:12:18,113.95443388888889,22.566933055555555
2019-04-23T17:12:25,113.95428694444445,22.567193055555556
2019-04-23T17:12:33,113.95394888888889,22.56787
2019-04-23T17:12:39,113.953625,22.56852611111111
2019-04-23T17:12:46,113.9532711111111,22.569231944444443
2019-04-23T17:12:54,113.95294888888888,22.569898055555555
2019-04-23T17:13:00,113.95269,22.570428055555556
2019-04-23T17:13:08,113.9524038888889,22.571013055555557
2019-04-23T17:13:16,113.95236888888888,22.57112888888889
2019-04-23T17:13:24,113.95237388888889,22.571128055555555
2019-04-23T17:13:30,113.95238111111111,22.571128055555555
2019-04-23T17:13:38,113.952385,22.571123888888888
2019-04-23T17:13:44,113.95238194444444,22.571133888888887
2019-04-23T17:13:50,113.9523761111111,22.571136111111112
2019-04-23T17:13:56,113.9523711111111,22.571133888888887
2019-04-23T17:14:03,113.9523711111111,22.571133888888887
2019-04-23T17:14:09,113.9523711111111,22.571135
2019-04-23T17:14:15,113.95237,22.571138055555554
2019-04-23T17:14:21,113.95237,22.57114
2019-04-23T17:14:28,113.95237194444445,22.57114111111111
2019-04-23T17:14:34,113.95237305555555,22.571141944444445
2019-04-23T17:14:40,113.95226805555555,22.57134111111111
2019-04-23T17:14:47,113.95208611111111,22.57149111111111
2019-04-23T17:14:53,113.9514761111111,22.571508055555555
2019-04-23T17:14:59,113.95084694444445,22.571536944444443
2019-04-23T17:15:05,113.95045611111111,22.57153611111111
2019-04-23T17:15:12,113.9503388888889,22.571535
2019-04-23T17:15:18,113.95033694444444,22.571533055555555
2019-04-23T17:15:24,113.95033694444444,22.571531944444445
2019-04-23T17:15:31,113.95033694444444,22.571531944444445
2019-04-23T17:15:37,113.95033611111111,22.571531944444445
2019-04-23T17:15:43,113.95033805555556,22.571531944444445
2019-04-23T17:15:49,113.9503388888889,22.57153111111111
2019-04-23T17:15:56,113.95033805555556,22.57153
2019-04-23T17:16:02,113.95033611111111,22.571531944444445
2019-04-23T17:16:09,113.95033611111111,22.571531944444445
2019-04-23T17:16:15,113.9503388888889,22.57153
2019-04-23T17:16:21,113.95034111111111,22.57152888888889
2019-04-23T17:16:27,113.95034,22.571528055555557
2019-04-23T17:16:34,113.95033611111111,22.57153111111111
2019-04-23T17:16:40,113.95033305555556,22.57153
2019-04-23T17:16:46,113.95033388888889,22.571528055555557
2019-04-23T17:16:53,113.950335,22.57152888888889
2019-04-23T17:16:59,113.95033111111111,22.57153111111111
2019-04-23T17:17:05,113.95033194444444,22.57153388888889
2019-04-23T17:17:12,113.95033388888889,22.57153388888889
2019-04-23T17:17:18,113.95021,22.57153611111111
2019-04-23T17:17:24,113.94970805555556,22.571521944444445
2019-04-23T17:17:31,113.949015,22.571511944444445
2019-04-23T17:17:39,113.94785388888889,22.57148611111111
2019-04-23T17:17:46,113.9466811111111,22.57146388888889
2019-04-23T17:17:55,113.94516694444444,22.57147
2019-04-23T17:18:03,113.94398,22.571471944444443
2019-04-23T17:18:09,113.94313305555555,22.57146
2019-04-23T17:18:17,113.941955,22.571458055555556
2019-04-23T17:18:25,113.94074305555556,22.57145611111111
2019-04-23T17:18:32,113.93965111111112,22.571461111111113
2019-04-23T17:18:39,113.93859305555556,22.571461111111113
2019-04-23T17:18:47,113.93760888888889,22.57143888888889
2019-04-23T17:18:55,113.93715305555556,22.571435
2019-04-23T17:19:03,113.93712388888889,22.57143611111111
2019-04-23T17:19:09,113.93712611111111,22.571436944444443
2019-04-23T17:19:17,113.93713111111111,22.571445
2019-04-23T17:19:25,113.9371338888889,22.571446944444446
2019-04-23T17:19:33,113.93713111111111,22.571458055555556
2019-04-23T17:19:39,113.93712805555556,22.57146
2019-04-23T17:19:47,113.93712888888889,22.57145388888889
2019-04-23T17:19:55,113.9369988888889,22.571448055555557
2019-04-23T17:20:01,113.936745,22.571413055555556
2019-04-23T17:20:09,113.93670805555556,22.570853055555556
2019-04-23T17:20:16,113.93672805555556,22.570191944444446
2019-04-23T17:20:20,113.936805,22.569936944444443
2019-04-23T17:20:31,113.93714194444445,22.56994
2019-04-23T17:20:39,113.9371388888889,22.56994611111111
2019-04-23T17:20:45,113.9373138888889,22.569935
2019-04-23T17:20:53,113.93811805555555,22.569923888888887
2019-04-23T17:20:59,113.93832305555556,22.570035
2019-04-23T17:21:05,113.93832305555556,22.570243055555554
2019-04-23T17:21:11,113.9383111111111,22.57051
2019-04-23T17:21:18,113.93831,22.570653888888888
2019-04-23T17:21:24,113.93828305555556,22.570931944444446
2019-04-23T17:21:30,113.93824194444444,22.570966944444443
2019-04-23T17:21:37,113.938335,22.57098388888889
2019-04-23T17:21:43,113.9383438888889,22.570993055555554
2019-04-23T17:21:49,113.93840694444444,22.570998888888887
2019-04-23T17:21:56,113.93832888888889,22.570991944444444
2019-04-23T17:22:02,113.93773805555556,22.570923055555557
2019-04-23T17:22:08,113.93737,22.57092111111111
2019-04-23T17:22:15,113.937245,22.570901944444444
2019-04-23T17:22:21,113.93742194444444,22.57079111111111
2019-04-23T17:22:27,113.93738388888889,22.570516944444446
2019-04-23T17:22:34,113.93742,22.57023
2019-04-23T17:22:40,113.93754805555555,22.57022611111111
2019-04-23T17:22:47,113.937615,22.57023
2019-04-23T17:22:53,113.93759194444445,22.57025611111111
2019-04-23T17:22:59,113.93757805555556,22.57026388888889
2019-04-23T17:23:06,113.93755305555555,22.570298055555554
2019-04-23T17:23:12,113.93758111111111,22.570301944444445
2019-04-23T17:23:18,113.93761805555556,22.570131944444444
2019-04-23T17:23:22,113.93761694444444,22.570115
2019-04-23T17:23:36,113.93762194444444,22.57003
2019-04-23T17:23:39,113.93761694444444,22.570053055555555
2019-04-23T17:36:33,113.93745,22.57041611111111
2019-04-23T17:36:33,113.93745,22.57041611111111
2019-04-23T17:36:33,113.93745,22.57041611111111
2019-04-23T17:36:33,113.93745,22.57041611111111
2019-04-23T17:36:33,113.93745,22.57041611111111
2019-04-23T17:36:33,113.93745,22.57041611111111
2019-04-23T17:36:33,113.93745,22.57041611111111
